{
  "cesVersion": "2.11.24",
  "projectName": "lab2",
  "packages": [
    {
      "name": "expo-router",
      "type": "navigation",
      "options": {
        "type": "drawer + tabs"
      }
    },
    {
      "name": "stylesheet",
      "type": "styling"
    }
  ],
  "flags": {
    "noGit": false,
    "noInstall": false,
    "overwrite": false,
    "importAlias": true,
    "packageManager": "npm",
    "eas": false
  },
  "packageManager": {
    "type": "npm",
    "version": "10.5.0"
  },
  "os": {
    "type": "Windows_NT",
    "platform": "win32",
    "arch": "x64",
    "kernelVersion": "10.0.22631"
  }
}
